,Number Turbines,Min Spacing,Mean Spacing,Max Spacing,Mean Yaw,Area,Wind Speed,Turbulence Intensity,Plant Power
0,101,670.018230196324,686.2894370006877,711.115567909964,14.231024,29999.693697584247,17.03733,0.06,342685150.0
1,30,572.1896104568212,711.0698818700731,4580.420321266658,15.366628,43555.04521025677,7.419972,0.1,41306132.0
2,188,551.1355502786494,563.2218702385564,585.2982791114805,13.11919,36673.44986557669,7.4657063,0.1,219382850.0
3,51,946.0092865472296,988.4961000174496,1443.6962183314215,13.076939,31961.861138802342,7.783563,0.08,76887000.0
4,145,920.4970874689793,966.3862416990571,3570.2288656379174,12.26764,130499.6649060921,8.310875,0.08,282136450.0
5,87,934.7341969922871,971.6378552483352,1929.8042163679277,11.548632,79091.22054367901,3.247524,0.1,6591964.0
6,189,773.2845542397763,787.570936528117,820.1988216336161,13.6789,49894.53165094053,8.1657295,0.1,305828540.0
7,57,864.16554116593,928.019711039947,1417.337937016216,14.135408,181385.46675402278,14.393208,0.06,193396800.0
8,77,604.9957029647185,651.1293640730792,1071.868538939463,12.887932,142851.64046632603,3.7296543,0.08,9691072.0
9,147,743.5556788738467,772.5355054673681,2293.578614117168,13.399647,97497.65779450776,6.576248,0.1,137888600.0
10,80,408.14537480331194,423.6188795610113,1228.5970002215922,12.95058,34828.62260091622,13.288497,0.1,271433800.0
11,154,620.3718962279956,727.4199884515924,2545.5932698307256,13.345098,141801.956006548,13.077924,0.1,522510270.0
12,45,622.6292307485373,639.3217003516286,665.4337751644022,10.886023,36259.260151191316,24.152061,0.08,152681540.0
13,49,544.7481987728318,561.3050289225006,577.9947895839289,14.026781,17754.614518776583,15.001384,0.06,166253840.0
14,113,756.6585019911192,776.4462229175201,887.3111195026632,12.188057,94301.9270664986,19.573135,0.06,383401630.0
15,31,804.4608830201153,869.6021294176436,2414.5933614869227,12.946665,61275.89337092491,6.90651,0.08,35124636.0
16,103,516.3428323261313,527.6668378799666,563.1038655931617,14.570856,25884.80336311344,19.054022,0.08,349471230.0
17,114,716.4171439892862,730.1349412343096,760.7417587707454,11.676847,35542.21383179882,5.1470375,0.08,45717170.0
18,32,518.138822561955,525.0026032282885,552.4682489844738,13.692086,38475.0572816581,13.365066,0.06,108573540.0
19,184,557.3488781848428,565.4677255602707,618.5405456718685,13.687588,91551.11600351398,18.035173,0.06,624297660.0
20,105,703.2108991339305,747.3606002100466,2842.595937232368,12.859237,98725.96823426452,12.054093,0.06,356256600.0
21,75,776.752841324278,789.0942370123826,813.7970959569557,12.8323555,57462.95432158408,21.12051,0.1,254470420.0
22,59,710.1848541561047,744.8778288400207,2130.555015314085,13.512772,49337.970130618276,5.980587,0.08,31112114.0
23,154,809.2712077843454,827.1502981168356,960.0963622443237,13.941827,46729.137646738054,18.17979,0.1,522510050.0
24,136,497.19490129085756,513.5863708779102,763.2728243674188,13.001201,28646.271196751066,4.7148356,0.08,34542348.0
25,35,386.76785627808476,420.61264028469725,1161.1557305136412,14.8947525,35733.7754961861,15.2986,0.06,118753000.0
26,64,395.65307701447233,403.65278887556553,420.1165607784031,14.694521,15599.07526844017,19.282854,0.08,217147260.0
27,40,815.3657672249115,831.2786858800675,852.5366494035599,13.695035,41844.04738243849,4.359855,0.08,10388525.0
28,115,711.1858936773691,730.2451655449644,903.014856277844,13.094932,37093.317823794336,11.631793,0.08,388991650.0
29,42,775.5721539706869,784.7188954785545,838.2280041601882,14.095318,63687.06977695805,14.19168,0.08,142502850.0
30,62,449.0174300194708,461.8632371854196,898.034991772822,13.22064,46459.62445968585,5.584138,0.1,36542396.0
31,89,986.9981739232423,1018.008829925162,1456.3248023853755,12.316103,43012.43954409655,8.590589,0.08,181148450.0
32,117,863.216633232346,882.5196492057322,954.5231082451012,13.446315,111469.54052896347,8.254839,0.06,217316690.0
33,97,492.8701026273149,506.7108714446303,530.8758550673075,14.935863,82217.66406713174,4.245854,0.1,19803928.0
34,88,467.00837721709956,487.68936468426875,832.8753974358044,13.958256,20355.04335745383,6.7159934,0.1,72203590.0
35,161,447.75876234996,456.53908239632426,475.6929886573933,12.911613,26517.259989409697,18.728386,0.08,546260500.0
36,116,592.6886520867322,609.1311286516976,642.7285956081994,13.082724,91784.85277914666,12.860509,0.06,393579400.0
37,169,695.6062926734373,720.6009380981376,1241.772564914334,11.755273,45618.96487766675,20.762363,0.08,573407600.0
38,72,370.5686118487578,384.71426306036886,656.4931882841183,13.007781,16149.820448854667,19.065989,0.08,244290540.0
39,82,550.3227007863863,593.2864405569749,1247.61779231986,13.780336,100173.73553699974,10.016122,0.08,269188380.0
40,147,574.8078752625939,596.4160858341368,1796.8879371318653,12.827351,139503.97663429932,11.263573,0.06,498759550.0
41,41,757.0120049256432,791.2375160837131,940.6178443353896,15.19578,89813.81336136433,4.465837,0.06,9836552.0
42,93,477.9879017749322,503.32270581028627,1045.7167691493958,12.72988,97007.02079168853,9.17584,0.1,234349700.0
43,90,849.3098265319617,887.2720788264257,2548.6742296605275,12.448255,73767.75218994773,13.003151,0.1,305363200.0
44,73,497.8835365108656,526.0312773732244,612.9357046175124,12.650164,70152.5662483621,19.576252,0.1,247684180.0
45,105,451.678919933432,469.09900993926493,1372.8111564851577,13.345077,43999.74823286192,8.472619,0.06,163359250.0
46,40,904.8746108329567,957.2146988585209,1584.7794582539302,12.932135,28797.63691280545,5.468494,0.08,20292108.0
47,199,959.8759926728357,981.4809545664659,1019.1421517169157,12.266685,59440.48562751604,11.744332,0.08,675191400.0
48,74,409.73309336110447,434.86031375257585,813.6497665320504,13.246474,18695.053543000296,13.730429,0.06,251076320.0
49,109,558.3692232394833,571.0672076265671,777.5363097288209,13.088911,27356.900479173186,18.17388,0.06,369828580.0
50,28,885.1640015677153,893.1561064020723,937.8146304321814,11.276453,62029.71612098804,18.44984,0.06,95001820.0
51,36,849.4167284749894,869.188328033743,1018.9135885191185,12.893022,90283.79890127531,13.012573,0.08,122145250.0
52,61,445.0606476892925,456.94418011188895,519.0260784099639,11.991444,53638.774448465316,13.816809,0.1,206968290.0
53,34,407.95650699095665,426.4919823624041,815.9132231861407,11.947967,30304.01376207448,14.530034,0.1,115359496.0
54,107,399.31468168341996,425.0782458391885,762.1233619142104,13.52818,21124.0503734319,18.026915,0.1,363042660.0
55,94,701.5909732727804,723.2863662904791,2126.583374023294,13.197998,66466.2085272021,14.105667,0.1,318934850.0
56,36,472.3072914756577,477.85882456869734,500.4007143071249,14.512255,33140.55719017663,2.2613206,0.06,0.0
57,46,857.3343489665244,913.826408698311,1182.5325873967615,11.687226,131449.39348200115,16.773165,0.1,156074400.0
58,81,800.3044566449782,825.6776484615588,1220.4281475941532,13.521619,32533.547575943696,9.652906,0.06,219222700.0
59,72,627.4474918888062,651.1202606172291,1267.6502853390525,11.805035,87372.45063925718,17.139687,0.08,244290340.0
60,65,817.3208881539028,921.4086358468734,5026.527295378399,14.8713875,147642.42868374859,15.178942,0.08,220541150.0
61,108,565.0054857568464,577.6812905955545,598.6986705789068,13.709546,25943.074154426235,7.2824497,0.08,117580330.0
62,178,869.7811228524174,893.4226859362428,1266.5979394178976,13.711497,55980.933121945374,9.873903,0.1,519378340.0
63,167,887.0621394472352,940.5561031508952,6306.856016244028,13.162668,124422.47035739338,20.091604,0.1,566621060.0
64,100,468.7121737193392,482.17469213597775,498.4073242176408,14.035013,70242.54251315794,3.2904067,0.1,7548063.5
65,75,670.6282163624635,832.2179409568281,856.6092067183115,12.497368,88274.78738165891,4.993062,0.08,31388878.0
66,83,482.86233344571446,506.902664700422,1040.479618034196,15.436141,95983.8803734379,22.124674,0.06,281613000.0
67,90,752.4185246094547,780.6416909703939,1303.8837353174483,12.866224,35615.90756447593,16.835854,0.08,305362940.0
68,47,882.887736025962,902.3900252142164,999.2261856524506,13.991624,93980.68037672681,20.028858,0.08,159468060.0
69,121,883.0646028252673,900.3119931621617,1798.9748405122707,12.494232,112885.15239863851,6.8842087,0.1,134093020.0
70,143,685.9811722749506,741.9345482525846,2775.753326133064,13.466996,123394.61108522132,21.744303,0.06,485189000.0
71,133,545.1190378514824,558.3720940879224,601.2483513470944,13.000156,97639.78300223884,7.2354727,0.08,150549760.0
72,96,636.1221446647659,647.2877477614815,734.5787046195832,11.24498,75287.53204821967,22.66581,0.06,325720450.0
73,49,796.7476785498495,854.8712470951559,1348.1830443313931,15.310473,124569.58614005093,8.9209,0.06,117328960.0
74,112,655.7484941616773,699.4191317861244,2096.88487261589,13.612137,60821.152281925475,14.872122,0.06,380008860.0
75,111,699.3294473388356,717.0107325388398,907.5460269823794,13.218977,36175.008193654154,13.593668,0.08,376614500.0
76,114,380.8391713183179,391.80052448966734,511.8552600860152,13.558512,22712.39611480008,3.098803,0.06,2384126.2
77,164,417.5333851047047,432.2888513025328,772.2919442895123,12.362176,26336.141919630358,9.282759,0.08,328076160.0
78,115,948.2512659563012,972.7696865077583,1546.0594244436493,12.262416,47626.79430457189,5.7177076,0.06,66138636.0
79,131,502.6750668029682,532.6982045957295,2040.6103494711779,13.754207,94849.22496315787,17.382458,0.06,444472740.0
80,65,645.0598983157774,715.246037909334,926.0385084034143,12.874561,134719.58785581405,13.688149,0.06,220539970.0
81,146,833.3708346337025,864.3579287368502,2668.969250945496,14.626926,92485.59479122896,12.96164,0.06,495367170.0
82,77,509.32281586288974,524.2716937090709,1031.5962282016799,13.126657,46613.772416809945,5.92637,0.06,52982830.0
83,72,781.8384945721518,881.4014789393774,1630.4523394177647,14.1942835,192817.60288788396,23.805525,0.1,244290430.0
84,141,968.4762186095578,988.2699502302657,1026.5314924539496,12.052094,55008.18943403057,11.342111,0.06,475874660.0
85,93,882.8440871699694,1180.97040336522,2614.499440273182,12.060034,390869.60744997254,5.0098915,0.06,36580680.0
86,95,956.7564612791681,982.0642470774841,1347.0665516537533,13.230124,46732.98728786839,4.7573185,0.08,30245676.0
87,185,841.186081786958,857.6921402000052,1705.0789856227,12.874239,126529.29510191282,7.0671453,0.08,216967520.0
88,33,814.1992608063797,931.9186550199759,4072.119535932146,16.12715,76756.27363797133,8.904564,0.08,77954830.0
89,90,423.2454239484677,447.84848089286555,917.0330442742928,13.700937,58783.573936216184,19.00568,0.1,305363260.0
90,76,523.488907976151,586.5856231711263,1627.6438426014993,15.857854,95227.06892764867,24.112795,0.1,257862110.0
91,148,485.3306388891962,492.68679560716043,549.7161266686662,15.005688,63204.94245992266,5.8362255,0.08,94341060.0
92,48,713.5733121316929,743.1147326993729,887.703759814736,12.746857,106504.50068268772,5.4344354,0.06,26467340.0
93,91,724.2908879709199,748.6332185150975,2198.269483257075,12.592213,88197.3548660533,14.6958065,0.06,308756960.0
94,146,908.0841601636737,1003.6640106637242,5454.020935302819,13.395071,141483.00990689057,3.4032688,0.1,13455854.0
95,94,755.3695318543969,822.2412453578442,1645.0260074311136,13.599669,118143.46298077902,16.055298,0.1,318935200.0
96,127,915.0027571376834,944.1524566881957,1553.978685996004,14.016496,51452.498343982246,11.018279,0.1,430527070.0
97,175,895.750208284192,922.5789031384458,2024.4094816347474,13.329445,55418.820098300544,3.8408906,0.08,24279158.0
98,135,632.8568723449356,657.0370730411753,1303.9498718509299,12.7977495,127545.26314997072,7.525586,0.1,194703330.0
99,160,884.4209515326329,922.7193594244567,2364.439459345772,13.842178,169118.5896695434,11.484074,0.1,542867300.0
100,152,714.0848606657472,728.2709683791815,755.5040029802583,14.62438,40696.022136306565,6.2558265,0.06,106485860.0
101,90,522.0640056373297,538.9969527842604,574.9888572617164,13.451652,98006.06000838814,22.665697,0.06,305362940.0
102,112,588.231376916238,736.0005141651272,2207.2410527520647,14.5980835,136184.80792741044,6.4641085,0.1,101736960.0
103,164,400.8319127889722,459.95611967701774,1640.3024913489444,12.820223,94932.36547902638,17.574118,0.06,556439200.0
104,107,553.584685190103,572.5273152464481,784.969847355658,14.785797,28026.88307854553,19.58432,0.06,363043500.0
105,96,467.85264738756064,475.2478963489707,503.90615491103597,13.962621,47267.6206330386,9.001766,0.08,228324510.0
106,72,533.7216381747786,639.8784428076883,4873.762221508646,10.839062,110612.0045448419,9.55201,0.1,218186880.0
107,80,437.8919182519251,520.7205784933889,930.5217726258504,13.68353,135812.7867061969,14.259322,0.1,271433950.0
108,62,441.026248090468,489.22039802533266,736.5156567425017,12.773357,95233.76243301718,14.634606,0.08,210361810.0
109,146,743.1311203076945,829.5485014640925,3243.4207486508167,14.041106,195393.50604187843,12.502211,0.06,495253540.0
110,122,446.706732061976,458.8423490957698,477.14393726151974,14.425746,99024.65360154139,18.265785,0.08,413936580.0
111,104,736.0663761302322,782.3219515628709,1563.5463768813222,13.115788,34973.708098488336,8.961612,0.1,228144770.0
112,105,516.5083053806005,581.5332210568473,1640.8195155887884,14.018342,78464.65898466544,15.041224,0.06,356258900.0
113,63,507.7310484594503,551.6303292766692,832.7434152720892,14.292681,105834.84425851925,13.598549,0.1,213754180.0
114,112,909.5128079790425,956.3727774405049,1896.598292928134,11.496358,45966.16066030613,15.894495,0.08,380008100.0
115,56,640.0986291421646,652.3189235204893,730.526132509804,14.021537,71020.93628122978,23.133432,0.06,190003580.0
116,51,736.0775196690338,759.5565096517114,818.2318906100527,12.478595,45296.70694579549,12.62388,0.08,173039300.0
117,56,639.2173211600546,670.6622151415484,1315.8658866059418,14.3760195,83795.30458117973,8.376876,0.08,95794240.0
118,60,383.0916935006149,391.7377573418575,439.4638421087775,11.578566,13049.60376840792,16.845049,0.08,203575460.0
119,58,867.0657866135273,983.4084010621716,2129.2826072990533,13.860054,150475.09503107774,11.310031,0.1,196789470.0
120,84,420.3913583003846,429.83024031503294,508.1144350559464,13.1543865,16927.762992955453,15.016551,0.08,285006500.0
121,105,545.7371370848964,563.0477394458069,1138.832351562433,13.401342,26932.76723735942,8.801427,0.08,197992820.0
122,182,885.4483766367126,912.1902281154125,1558.8061225128097,13.044288,57922.62715790351,18.170633,0.1,617511900.0
123,166,708.2553404553848,732.2525484600527,2846.4554655639595,13.357243,112414.20882680242,16.990812,0.06,563224900.0
124,103,547.3339897330546,570.6289194138968,1064.25723308999,14.041865,28535.390424692985,13.401809,0.1,349471200.0
125,157,675.3666185356356,694.189220811948,748.5539961496916,12.728021,152261.3990673177,11.311243,0.1,519405820.0
126,91,423.6432695701431,431.47094125503935,454.89391063479377,14.204877,64174.45775110383,9.206884,0.06,235379250.0
127,78,473.95463974667854,484.97775764524414,502.46279334842444,14.293259,18321.761471229853,14.340194,0.08,264648030.0
128,59,547.6108499329677,563.3337263213087,606.5012194284825,13.574051,48343.01476228831,10.772913,0.1,200183020.0
129,124,386.926835243912,394.56265549900996,409.73931030229477,14.750342,18713.614964597175,6.797467,0.1,96387480.0
130,43,416.01378995048304,426.3416770247123,489.48424968985165,15.121863,51990.36694732341,10.99396,0.06,145895890.0
131,160,828.2770583010995,848.3800394775859,1022.3891464503301,12.813034,47775.80299128341,16.813503,0.1,542867300.0
132,28,917.0521866986986,922.1526637078514,929.4517658572565,12.864184,60600.296710810755,6.096056,0.08,21818510.0
133,140,399.0169239582658,428.77940643104057,1608.111918641098,13.196405,72096.49922846045,5.8323226,0.08,92055710.0
134,60,532.910853109521,668.4487242058465,3245.373343169466,16.81969,149018.7442065164,13.139449,0.06,203575460.0
135,50,548.7945691971961,661.0651598492195,3850.587305231676,12.090991,105890.52323798342,16.818386,0.1,169646050.0
136,77,782.5234614258443,935.9479283293681,1820.1101589662774,14.217194,265591.42265307385,22.148092,0.1,261255260.0
137,159,604.0514573727844,637.9997605793931,3118.207440378653,13.762729,70113.80923250913,17.424353,0.1,539474560.0
138,94,447.92964136834166,570.8852940094586,1563.850991888365,13.821019,187429.27855909953,18.080011,0.06,318934720.0
139,196,820.724258827912,869.9013832203844,3324.329595733195,14.25123,209294.09106937377,4.9015055,0.06,72567440.0
140,85,465.3200816452062,492.32672743939776,1013.3637546013524,14.214104,112383.51937061347,6.4811087,0.1,77531336.0
141,133,483.2252267998041,495.697027951735,547.6738142541501,13.522665,59017.62213349333,11.874087,0.08,451027360.0
142,54,705.2058611992893,732.6446376408246,1048.6771286923615,14.465465,25172.392166459358,6.5383887,0.1,45718736.0
143,72,869.9055729385922,1054.862574540887,3493.6939522122516,13.633061,253102.7304374294,11.363696,0.1,244290370.0
144,57,630.5835008664159,654.0055335562492,861.0606137263982,13.485743,21115.09439169519,4.460439,0.1,13376388.0
145,127,519.682503906201,535.1328440705818,1580.1793818996298,13.571601,61751.598827795155,16.61594,0.08,430902000.0
146,96,484.9741420368822,521.858645709353,1131.733797298726,13.564967,145432.3688043188,7.9995303,0.06,165659780.0
147,99,676.4203922521328,688.7738729142201,738.3235865940612,13.30965,79939.34139239333,6.1972156,0.08,79352470.0
148,123,980.4738511552092,1002.5077482706731,1039.3860167367668,13.831697,47739.518650595666,15.039765,0.06,417331500.0
149,78,493.0641730869227,513.8352222223459,552.4045868818511,14.006684,70314.47577589979,5.2042394,0.1,30275304.0
150,108,643.418301949471,660.0478961006505,1305.3149222734887,13.197225,76158.12212894068,14.986516,0.08,366437660.0
151,89,672.9381729892812,706.3978029182999,1299.3310346316102,13.87551,30999.27178120263,14.898925,0.1,301971100.0
152,42,836.0077947582299,853.6075775958859,974.9447429130432,13.042452,80657.47558430447,16.59342,0.08,142502850.0
153,111,688.8563887388005,703.7553554090666,752.8818188359124,14.64575,30864.02945296091,17.947912,0.06,376614370.0
154,85,493.99072528083417,522.2397674938912,611.7627127539456,13.030002,77744.59915278606,19.401243,0.08,288399140.0
155,120,690.3364439922148,815.2883392323129,5546.911231227098,13.555511,103290.0956001127,5.166089,0.06,54982350.0
156,53,907.7272612456061,1004.7375180470818,1580.2392762627005,15.67087,175404.3186432796,18.181063,0.1,179824900.0
157,104,938.7841654375085,956.9258776477268,1024.6971143850556,13.752313,108104.5426380852,12.285613,0.06,352863940.0
158,78,883.9256499447674,961.0690870818696,1340.4269586805747,13.591531,202981.7019924659,6.186938,0.06,59507156.0
159,66,617.1332466524589,638.1926297473834,749.7852319898171,11.553513,85640.66555918858,8.699066,0.06,141079710.0
160,105,860.4841707451845,887.670228100935,1482.154861330348,13.656931,42521.39109536118,4.527623,0.08,27488006.0
161,118,454.4621586021659,485.06173914124173,1844.4031059201143,13.496178,57547.03604262851,8.144858,0.1,189658370.0
162,78,740.4278448093602,778.7694678087989,1220.9630695845667,14.736777,33531.3462907375,7.7652035,0.08,109465260.0
163,96,565.4355678101608,593.8304026856678,1141.3072477141197,13.647377,26859.751249798082,7.8996215,0.08,134524240.0
164,112,423.17666923134914,442.2537965765078,1315.9810838071933,13.541155,125068.37648478188,10.146336,0.06,372595000.0
165,136,835.8709034981226,889.2502757696936,4190.175596521926,13.399239,118612.50922263526,14.052199,0.08,461437600.0
166,53,460.85620776819735,476.5800584763433,549.6568173683132,14.611005,48183.6123135106,17.07022,0.1,179824860.0
167,197,412.13313493505774,427.3424469488664,851.4459164669763,12.939669,199182.7361896356,7.1269965,0.06,241549100.0
168,73,649.2832626794084,717.5596995336326,1479.4935426050256,14.717709,152738.09159948275,13.748921,0.08,247683300.0
169,39,879.2173508252823,890.3143764050591,940.5571233893688,11.029251,67100.57715772971,8.893999,0.06,95848710.0
170,93,724.8170484904417,741.5531254194685,790.0442936449612,14.082647,92790.9652716925,14.542623,0.08,315542430.0
171,136,904.2446647374062,943.252665931489,1551.9836754190171,12.7616415,50654.0377994426,5.395271,0.06,65343460.0
172,154,650.1515531950125,679.002812512694,1358.8609819669093,11.743632,191797.76681693652,15.538486,0.08,522512580.0
173,178,897.6785111551276,957.6571828044199,1907.6623824266235,12.661828,218715.79755596118,18.022394,0.08,603940160.0
174,53,625.1160700758213,657.8405648416958,816.3948003044159,13.21652,105434.00763244918,8.546365,0.1,102331620.0
175,40,781.5786669418375,825.9561320267121,1059.3846866555277,12.570407,95987.87475051968,19.362453,0.08,135717250.0
176,79,652.0551194130509,686.0313438218657,807.8738247030469,12.015232,83461.4716530987,13.700563,0.1,268040900.0
177,56,841.81899534999,960.6334091369089,2708.435995725853,16.020264,157861.45933167855,16.158907,0.06,190004020.0
178,36,909.3977628889166,982.557073871842,2730.6571254962164,15.762098,93085.53390521399,8.612569,0.08,72302200.0
179,171,736.6577410009454,795.8515511551741,3099.699167774084,14.497867,121359.7381756589,5.1739907,0.1,78145170.0
180,74,590.5553244355576,652.0998314867849,2972.4080935304883,13.129736,91822.47822341503,14.414018,0.1,251076480.0
181,83,726.9702284076418,768.0577854989075,1473.3799884305047,12.134073,89184.43270690797,7.7384243,0.1,131413070.0
182,100,791.4312963634958,846.8339896592618,3177.082307099428,13.620274,74456.26421396955,18.396791,0.06,339292300.0
183,99,824.8258659122871,844.0179190138915,1030.5733154259892,10.944706,39502.96304476672,12.872382,0.06,335899600.0
184,111,957.1694040875162,990.3965783012009,1448.0709451164855,14.46725,48378.600489527904,9.848044,0.1,330766700.0
185,133,782.4445207212989,797.7172903284848,829.7747944857036,13.840967,77463.06408775647,11.655953,0.08,451258500.0
186,43,442.89707115974477,447.9612256076052,480.375023449906,13.383405,37308.84220025691,12.453393,0.1,145895760.0
187,145,854.2412747588377,886.5942229352805,3432.7562362712238,14.020927,177080.71653369587,21.412476,0.08,491975580.0
188,149,624.5637118271412,648.1901231693478,1036.4258163956504,14.125749,37506.11325768547,19.828993,0.1,505547400.0
189,129,630.4922311697574,666.5584819717344,1147.9023425870134,11.970007,36475.86667363772,8.898446,0.1,273981900.0
190,49,641.7416986778198,716.4084109284531,2581.079177536192,13.265921,105951.6496167823,20.205185,0.06,166254160.0
191,104,823.6223822045257,840.489493529225,874.2005380947002,13.115808,40621.16993489399,7.5162435,0.08,133018500.0
192,36,505.0934683632657,514.3718131743003,609.3917993925604,14.2035055,45616.98290396712,11.59323,0.06,112701810.0
193,122,609.8430141191303,623.1487663840066,960.8144301183128,15.02956,30980.499270919452,11.43025,0.08,410832160.0
194,66,608.5335989133794,720.9489495367361,1382.5379314030508,14.178876,167478.704483222,12.481693,0.08,223933020.0
195,30,809.5976509409306,817.9804428144687,861.1497682600944,14.060859,47091.5077488936,12.018579,0.06,101787620.0
196,128,419.8841914337509,431.533150011883,472.70156518666585,13.336836,84455.7142411303,14.41187,0.1,434294620.0
197,85,564.8207759418652,585.0920535128521,937.7629155790211,13.634678,24003.801305015648,10.580382,0.1,277551330.0
198,149,594.3559106773188,612.1673040428371,789.6439032041322,13.386147,32982.388927089676,13.002849,0.06,505545730.0
199,28,410.89660963516286,462.7857477475366,1644.0517455838803,14.825647,31318.61955040943,18.39246,0.06,95001816.0
200,118,429.0996217582893,438.36446066357445,455.40086345424334,14.387968,21098.69213721039,12.753157,0.08,400242300.0
201,27,763.9260368851709,777.9772478957385,837.7104868942304,13.203691,45962.14684366957,20.879326,0.06,91609480.0
202,109,794.5565121645333,814.1469737568892,1300.5255938992132,13.546759,37223.91844631268,9.9295845,0.1,326288200.0
203,106,709.0341891885603,733.7035993218876,1150.2015658999176,12.603803,33952.05202870514,18.9997,0.06,359650050.0
204,68,648.7482900891436,684.196428118266,1358.2323508258646,13.530702,78661.19138957966,16.87683,0.1,230718660.0
205,42,852.2542809663937,871.336001956675,919.4982247624573,12.673747,92448.00024115336,10.374551,0.08,140561310.0
206,127,475.2744775597994,497.71960054860506,1447.4625507520498,12.033452,51905.644794161184,17.885391,0.06,430901200.0
207,191,766.3558917067443,782.8890748555858,832.6963846199764,12.46662,144170.0428639564,6.509938,0.06,178320030.0
208,72,420.35986993117604,445.7209673669181,1686.9802910943656,14.325745,36659.34226947564,18.229933,0.1,244290380.0
209,142,526.5517379282836,552.2371033070231,2151.3409042633334,13.646611,64726.26315126841,17.95494,0.1,481794940.0
210,77,751.6582126911774,801.8977391613239,1745.117268030883,12.469322,116138.3231708262,14.85517,0.08,261256080.0
211,131,723.7803452443776,740.5137896464499,870.0241530177842,13.513568,40010.0870952604,10.698341,0.08,429328770.0
212,117,437.32638351261056,500.6918466080035,1366.2514591929084,13.03402,94035.44133227417,9.120564,0.1,300645100.0
213,110,510.41853235240524,523.4251634331721,676.6341640094464,13.08634,25956.889212941347,5.3401985,0.06,43782772.0
214,94,433.0499163817266,507.38722904332457,568.0541281728531,13.176437,68497.69037290168,8.402343,0.06,185683280.0
215,74,499.4828953110231,570.6103743738693,1068.020366065991,13.737494,127228.75209996445,11.071817,0.06,248745360.0
216,100,373.67835199730877,382.8236447785849,396.9514939429235,12.322378,17602.32216561259,8.099374,0.06,122768910.0
217,90,560.2076700453014,572.2201003392113,623.8459495099501,12.717632,60526.01250609669,22.979832,0.1,305362940.0
218,102,457.81447450596096,480.6281484190654,971.2122081581809,13.391626,131585.49456773247,3.4290369,0.1,10085426.0
219,29,742.5296000732978,751.6108633675798,763.6153923124157,12.088646,47715.51474833145,18.071516,0.06,98394744.0
220,77,570.7065042989685,612.8872022923545,2854.25517771157,12.920164,57281.30838677722,5.572284,0.08,40566896.0
221,72,574.917726625462,633.8468327361111,971.6633330282276,13.835163,126404.33221633532,4.62173,0.06,21078100.0
222,83,817.1262978073631,862.8873148987745,1587.8951370250086,12.1631775,36791.8454130429,17.476912,0.1,281612500.0
223,177,558.2064482554641,785.0814910990919,2518.509793282773,13.278333,103040.41290510198,16.28299,0.1,600547700.0
224,72,475.7897979852912,487.2771947952412,964.2356596143815,12.271251,34997.98470623637,12.0334835,0.08,204152270.0
225,87,493.23463728783014,498.01507935426946,527.3237149444336,12.647967,44337.077907403225,14.202114,0.1,295184420.0
226,199,553.8254363924331,569.4488314886433,746.4294941162906,13.25863,36480.8272355318,5.8297253,0.08,109018260.0
227,147,978.4906197048361,998.1011836458816,1039.158369844742,13.618948,53919.83557559741,19.66213,0.08,498761280.0
228,107,531.2683377045072,551.261843459809,1633.1256800040994,14.082118,56857.45816474752,14.186691,0.1,363042850.0
229,89,818.3830281116661,858.2641243909617,1940.006273975824,12.752082,35067.21911235762,11.156527,0.1,301079200.0
230,82,609.1671124383148,625.3210166336387,1231.0220839341443,14.370117,67090.59198760471,14.4083185,0.1,278219970.0
231,198,713.988833190009,748.7546538375144,5019.4250583584935,13.254029,140982.4909069635,20.959145,0.1,671802200.0
232,112,460.5471413421508,471.7030954212619,601.4682254030001,12.710435,82992.05546243663,8.898648,0.1,221106430.0
233,42,397.1730304967438,424.55756546681914,1196.159542643485,14.34767,42197.79436870645,9.693784,0.1,101724590.0
234,100,560.6705332523303,661.3832026315866,1739.860014278351,13.240261,100747.4038764034,5.526148,0.06,57051668.0
235,118,544.3718816818988,576.928939314739,1293.0283775155763,13.641472,112398.38709371172,13.548621,0.08,400364930.0
236,52,656.9444977484967,669.6721968529193,737.4481655581045,13.511724,67153.43885147908,11.105556,0.08,176432030.0
237,79,425.83277016930316,554.2750493297933,6407.571679539293,13.60917,102019.63932116627,12.573618,0.08,268041060.0
238,126,713.0407993713584,731.7731912031508,860.2781893239118,13.672868,84247.87176538656,10.754747,0.08,427493760.0
239,111,489.795582585384,568.6206874675815,2051.34167369438,13.645083,125510.77666637299,14.126352,0.1,376614560.0
240,108,618.4663942442611,636.8634307703946,727.7530067438084,12.9802685,78110.81308334948,15.57834,0.06,366437100.0
241,156,789.5795112041477,809.3741680348842,1166.075568752818,13.562287,45781.14868270686,15.054319,0.08,529298240.0
242,35,597.3389676952087,615.8292169987441,701.2626189443276,14.3123,49200.208517543535,21.152048,0.06,118752810.0
243,193,500.3571289477147,544.317574223299,2026.6282788093786,13.154034,179903.14762879326,11.567104,0.08,651709440.0
244,118,431.74506419917935,442.6647872983555,868.8308181117588,13.455063,49501.58726746867,21.2975,0.06,400366270.0
245,137,722.9123625047839,767.916430345936,2327.0173357968215,13.789941,161068.28444459205,16.541983,0.06,464830400.0
246,147,832.781973533233,849.6373756033584,1070.588857007545,13.258002,50104.76186538795,18.03891,0.06,498759550.0
247,179,969.6368240884317,989.8115570332832,1028.3499491326477,12.709812,62447.036397426054,17.486652,0.1,607333000.0
248,46,419.5005126787021,425.0388867293149,463.52465452262146,13.382799,39556.83803059845,12.236581,0.08,156074450.0
249,68,506.4824604323778,520.851645499858,571.7305321411906,15.073844,19876.08498576148,10.955256,0.06,213928580.0
250,94,569.3078850460588,602.4004505594226,1219.4164614028568,13.218679,118182.21089783951,15.188777,0.08,318936480.0
251,185,449.6319369835393,461.6696871627454,475.2104384909023,12.825412,135796.69248463266,17.84682,0.1,627690600.0
252,74,600.8063081571382,620.6959476523448,1213.5263043144432,13.920539,52420.130365296325,16.26219,0.1,251076750.0
253,102,974.9729752754936,996.9820302541925,1036.0963386108663,14.361144,46637.52692420443,12.668126,0.08,346078370.0
254,138,944.7001448748705,970.4426332347762,1360.115359501298,12.494645,53742.3851713069,4.1797695,0.08,27509874.0
255,100,605.2272005842905,619.198931802302,660.7105621666395,13.284536,115345.8961015371,11.375847,0.08,339292160.0
256,68,533.7278396079912,575.7952885207159,1601.184374523861,14.438605,77369.34932796369,7.9935684,0.08,95343100.0
257,93,786.9133554374203,810.401790677033,1102.262166474719,13.984325,36204.8710150929,7.511581,0.1,119943624.0
258,159,449.26755099357536,491.6589266897969,1812.0125812936233,13.440215,134809.93043441063,7.4157257,0.08,220124480.0
259,47,440.9377347958426,450.23130506329767,525.9006956055243,15.372389,45983.85595880292,15.376561,0.1,159468210.0
260,102,649.0896828687323,670.9912443114524,1309.8753558127767,13.330435,98339.72682456713,16.0823,0.1,346078660.0
261,106,865.2940331077018,887.3628930357752,1193.2973311632775,13.351133,39650.381146438296,18.811426,0.08,359649860.0
262,116,468.5705942115431,489.798803330542,947.2749176828748,13.536564,89863.71317435462,5.3525434,0.06,57436756.0
263,122,460.1033562738653,504.2810678486626,1449.326183825761,14.354682,93281.1867300365,6.7000875,0.08,118708720.0
264,31,780.2312158012048,788.9725691128914,826.6398657074324,12.891255,54715.22762138803,16.193956,0.1,105180650.0
265,159,859.7739670054057,888.5224532729673,2984.640852059108,13.7186165,163640.75490288378,16.318266,0.08,539475100.0
266,95,439.40355571368514,449.3619243697979,508.0302113101653,13.1603,18301.933452229736,14.560593,0.06,322327900.0
267,176,889.8883767509758,922.6624486836071,1812.4700263147022,11.950803,139577.61406482715,6.555522,0.06,157471200.0
268,52,880.681267540796,911.6630794856096,1060.0789445717737,12.894904,103207.11087757465,7.893328,0.08,87998040.0
269,79,710.7290804424438,735.8063924504995,985.999773617279,13.79988,31071.924040849106,15.266018,0.1,268042370.0
270,54,508.2973574837506,535.3050924655423,617.5553430234385,10.481733,70536.23693039539,12.082228,0.06,181473060.0
271,76,890.8301550721087,920.5541757626934,1287.3763438060685,13.56532,36683.243198501994,22.716763,0.06,257862060.0
272,46,554.5141953381072,577.736866952266,703.2499320541767,13.709958,87032.8824401123,11.439687,0.1,156074420.0
273,147,542.058569724062,561.1527940611085,903.1150332509083,12.6144285,29866.259158692996,10.499892,0.1,459360740.0
274,77,432.3662593230467,439.2173620099573,472.2613900541714,11.936684,47989.8502453252,13.190605,0.1,261255070.0
275,69,732.8542818893633,777.9482001893326,1546.7748287882343,12.115364,76465.11472828819,14.023482,0.06,234111740.0
276,141,701.355532770472,724.9272780718048,1191.0495446533396,12.68901,38701.573123102535,20.44587,0.08,478405250.0
277,95,442.6033091774338,476.75723960524186,943.4913738338089,12.698904,67486.7413469839,7.660144,0.1,119011784.0
278,66,408.1165489479934,422.7197835290669,870.116554250125,13.603619,41853.64908459532,16.41035,0.1,223932930.0
279,87,483.2716028568688,493.998558133244,512.7273318084945,13.381728,20134.63474966597,4.360641,0.1,16930612.0
280,128,693.6650413044845,725.8441990813744,1440.9993096462645,13.298365,37262.40378374045,13.4460125,0.1,434294140.0
281,123,524.3724969616031,565.906714447225,1630.321235306122,13.539915,96784.66400129192,17.58454,0.08,417329440.0
282,46,429.12685811178545,436.6566814778942,447.70328883985627,14.208109,26338.3590507048,21.999033,0.06,156074670.0
283,112,938.0581407611156,951.7662314845614,997.7892967008854,13.988283,95325.68852893687,22.167288,0.08,380007520.0
284,106,756.654827733874,776.5839466855083,1002.2439510845231,13.15558,37740.80926034506,6.4889903,0.06,83965380.0
285,110,825.9699086179015,877.4287450094239,1742.972783240316,14.695497,129662.58326174197,4.8948445,0.1,42488396.0
286,79,939.7139347256611,1021.8360543498474,3767.4108714138665,13.242137,99965.04235812621,7.4860826,0.1,112560480.0
287,58,847.8602476033078,982.3276567548726,1476.0134409108996,12.859262,194815.84596395583,23.152308,0.08,196789470.0
288,54,541.0902939879127,581.0650232186696,1190.9802424277811,15.804449,55603.47391876644,19.679033,0.1,183218300.0
289,75,778.505968840338,811.7511169982166,977.1961497814235,12.48237,110612.02898948119,5.862302,0.08,51927332.0
290,56,536.5695647659387,659.1221898009192,3291.3069520945464,11.202643,91480.3885817702,14.827348,0.1,190004580.0
291,46,672.9802809975106,698.4845478051654,917.8859662084416,14.610614,71673.80669251327,11.985938,0.06,156074370.0
292,31,542.8435784281934,547.5904588314011,569.1392009239153,15.770817,45689.324816291424,9.887754,0.1,99425896.0
293,43,655.3834518582106,664.855188985956,701.6917703380865,13.275801,67023.427673037,11.019764,0.08,141208560.0
294,50,806.4617501096711,829.8734827651705,979.8109981109016,14.650691,111572.24484748156,8.85496,0.06,117463304.0
295,86,912.3832835892675,948.5598499433019,2778.3525354252765,12.701531,101843.8326723642,12.148626,0.1,291791300.0
296,107,536.0934411097754,555.3994582424335,586.946386213752,13.86739,95507.48212959601,15.970902,0.1,363043650.0
297,115,974.006786239201,1025.5150231198782,1966.724665696653,12.901146,50482.33056135687,11.745573,0.08,390185950.0
298,78,644.470825978763,656.6211022886844,683.4905046220377,12.962832,26934.013809667696,16.523602,0.1,264648000.0
299,190,462.06799832657117,483.23645969073556,588.2351784263525,13.207583,175519.08694773953,19.292276,0.1,644656600.0
300,49,900.9782845746578,938.3247704799057,1074.5850078830538,10.397972,118044.82023738137,5.2878947,0.08,25244554.0
301,84,428.9990650694225,458.3953887677849,657.8407402227072,12.269697,80664.18339707036,6.1663747,0.06,67407110.0
302,167,438.85370379430395,463.19788164730255,1357.4448038198282,13.4103985,73337.56099751493,5.5103335,0.06,90988570.0
303,55,857.8354279386239,879.8688530647261,948.2469216314012,12.840414,29204.299340423473,6.036841,0.06,37628612.0
304,94,526.3552067463338,627.3072374445335,862.2489694471386,13.6108265,184908.19661555244,5.981214,0.08,68442536.0
305,45,562.2946021335418,575.8126951444398,673.7214210188708,11.832882,49741.93186637186,13.522193,0.08,152681460.0
306,105,922.0508544205595,1004.8020334478831,3703.7377819550547,12.8453245,124248.44033504695,15.929206,0.1,356257400.0
307,62,745.9267316091713,841.7127084622578,1344.7420166991728,14.128459,150662.75114905267,8.631152,0.08,134806370.0
308,151,505.84500046621025,555.1357595980772,2596.229254228486,12.981108,97716.75733113672,6.442798,0.1,103667600.0
309,147,632.4404541577001,648.3390582785573,776.5524963829096,13.940667,93012.82380845994,17.027063,0.06,498759400.0
310,147,704.1573298926021,728.9419131371117,1065.4241677783393,12.84272,40570.79500825953,24.385864,0.08,498759520.0
311,43,541.7455199308044,554.7131675764915,599.1762243435401,13.632051,63210.80889901064,19.188446,0.08,145895900.0
312,80,816.8928866263261,830.595192056214,895.2907825806532,13.857458,98846.33462687663,19.993612,0.1,271435000.0
313,52,577.3859206474011,641.7949523400758,941.2745147751092,14.549818,120232.58634113724,10.158952,0.1,155703280.0
314,61,410.0747708583883,435.8044728813511,679.0920952643602,13.010582,72951.6808632319,13.196064,0.08,206968320.0
315,90,652.6569164643505,686.0008126916347,1181.5090057962207,13.772802,30463.60643343612,15.476575,0.08,305364640.0
316,64,470.2769736996631,484.07310213074584,948.5468543224836,14.00696,45979.89099665859,16.421688,0.1,217147100.0
317,107,628.617196047334,638.0775052872211,681.6698659646506,12.86325,81477.44951944031,5.10822,0.08,45608144.0
318,53,507.97401148600727,535.704032193922,660.1515718806717,13.223201,78709.88300236056,14.620466,0.1,179825250.0
319,146,817.8703808632912,850.5142676751631,1573.012795238631,13.639986,47632.774114837666,11.303457,0.06,493640220.0
320,67,418.25251902245924,436.27337431516173,479.46334306396943,13.273592,57736.271477885806,4.1342506,0.08,11237557.0
321,67,506.0274488673479,598.9102518707873,4358.201098783438,14.854314,118162.26035139975,24.78075,0.08,227325340.0
322,153,565.9801972668944,575.1367569136986,615.9523982293433,12.559753,66639.47903922696,14.054587,0.06,519117250.0
323,164,1059.2143934699977,1139.3740031993093,3272.939247186681,11.73972,217675.17328698494,12.350717,0.08,556439600.0
324,69,849.2331041156453,914.0051927810836,1195.0101708061395,14.617286,170011.35170427413,7.651564,0.08,93532560.0
325,150,660.2201881389417,677.2115707477011,1321.930302755312,13.379312,101015.35405586519,23.393988,0.08,508938370.0
326,59,575.3199803427066,672.7508578810599,1001.5585531109958,14.232253,123568.31956355294,19.310808,0.08,200182830.0
327,54,456.25209075239667,457.36920418396323,463.5847349749018,13.364849,31792.92484547369,11.208334,0.08,183217890.0
328,27,533.612384624586,577.9886991724896,1095.7036454715956,13.648914,35171.48502936142,17.974403,0.1,91608890.0
329,79,907.1663034752528,937.3704111499103,1291.6454708895628,13.569645,35633.18382524368,11.768205,0.08,267940450.0
330,123,678.5042854787382,701.661390817026,1308.5723171055197,13.923794,37542.84424590793,18.924665,0.08,417329630.0
331,71,374.8914175978945,387.6909903747053,584.72039026429,13.880106,15311.76424160804,11.237439,0.06,217394580.0
332,81,623.6174207819104,642.3944916957948,1267.6696574086673,12.700042,50888.253798760685,5.755371,0.06,51134124.0
333,88,645.8018764013923,688.5389065666558,1446.5968265036577,15.490383,81743.48299936911,5.120004,0.1,36801130.0
334,149,901.1338863258507,926.2339967295235,1400.6225601638896,12.787612,52496.84476626924,12.923007,0.06,505545800.0
335,75,657.0589673669438,697.8184519078548,2409.4861020340372,13.945276,56503.42221868077,15.086078,0.1,254470700.0
336,42,526.0112889976718,537.5973095917058,662.2787465465934,14.703414,53939.142054296906,12.574845,0.08,142502880.0
337,93,753.6806363500049,762.2214638676556,784.7335957176803,13.981254,69463.74874856632,17.105324,0.08,315541800.0
338,126,429.4875645658768,452.4612614435127,2149.422215045254,13.419215,61645.375085381675,13.534156,0.06,424061220.0
339,73,863.5909323882576,889.9706738221831,1545.1768787136489,13.809438,35286.62620984814,7.1992273,0.1,84404840.0
340,191,705.9348689347302,747.8628052322318,3614.423197487818,13.292176,131970.35543406644,6.521432,0.06,177172770.0
341,189,909.6103322802301,966.0981850465464,4986.486128017125,12.814096,215022.36283861284,6.1323776,0.1,142328080.0
342,33,612.3552114337808,620.1860785257204,644.8368061208504,15.041588,54002.896476502996,6.697193,0.1,33327028.0
343,149,820.1394537614824,838.522032238523,917.7615562539844,13.888733,141396.27963034733,14.865346,0.06,505547600.0
344,190,588.3503484651249,619.2150293908784,2941.7512729552845,11.711922,115702.22098629037,16.561312,0.08,644655040.0
345,29,810.7881078073518,874.5195371080091,2444.4971573624493,13.334618,48791.814379849966,14.024261,0.08,98394780.0
346,178,547.8455064009082,595.9776558525565,2284.2937974800598,12.762712,189920.3028933445,12.465581,0.06,603940740.0
347,127,862.2729990837836,915.6594832411747,3498.061684072394,13.854832,123877.96988778687,5.19858,0.06,54383620.0
348,140,654.2793142502625,671.9963439738126,715.9405655555914,13.491375,153755.55123106067,2.4457605,0.08,0.0
349,61,664.2358403521165,697.5885740660481,1327.4684548024404,14.549728,24318.643792272993,16.016012,0.1,206968820.0
350,122,597.1219023613602,623.3428620605271,1265.5056746659695,14.062768,154005.3168833485,16.315172,0.06,413936770.0
351,43,751.7665334635038,763.486185068127,815.3811470755381,12.601209,63346.423819389456,19.269684,0.08,145895890.0
352,141,648.3554152477534,690.6363765912861,2043.4538358986576,14.911597,162788.48893655007,4.544627,0.08,42094224.0
353,99,642.2216576768267,657.2609235166414,878.6219655866487,13.618892,31174.484631344556,10.401443,0.08,312124030.0
354,83,705.1542428634365,728.9682693732133,1096.9641971574615,14.980011,29945.709746153007,16.191198,0.06,281613220.0
355,118,837.7188881590326,845.092636573764,890.5569735454686,13.503539,65993.04660366787,8.138583,0.08,199238180.0
356,30,862.0772716827813,1078.199466324979,3448.3101784609094,14.014037,70811.99913564944,24.29276,0.1,101787650.0
357,105,439.6399579579807,493.220670408941,1379.2167201568197,13.994001,105775.97874697887,8.281233,0.08,200133470.0
358,118,434.96928900825424,452.9815427293749,901.1552375550715,13.133361,70063.74193812249,15.081788,0.06,400367230.0
359,58,485.6313361663968,498.63829070647887,571.3971456303618,14.157851,60853.15073085224,15.328993,0.1,196790610.0
360,51,473.03623365937284,544.4181748752286,1435.6941434478929,13.622094,87989.72962224924,20.261423,0.1,173040080.0
361,91,931.6138027822929,951.4083580907003,975.4115730004497,12.317716,90395.42256155371,10.640872,0.08,308744830.0
362,48,804.0347467951588,844.4232659734909,1098.0017015869116,13.581109,100197.81134106031,14.874005,0.06,162860820.0
363,158,736.1500443654745,759.3467608057186,797.6118304880123,13.508301,148150.72946576925,3.786296,0.1,21390536.0
364,171,867.7802269463301,881.5507784783625,954.7430472274579,13.582399,105980.01788413044,7.3702555,0.06,225404620.0
365,92,762.7965564053945,784.3994377943399,889.5664056070135,12.715521,97277.88653451829,5.454884,0.08,50043612.0
366,82,408.07204786405896,448.7721493802438,861.1316390233508,13.1352215,19524.67066049002,16.493845,0.06,278220030.0
367,133,841.8520828786812,876.3926402429216,3372.497479587572,14.185621,111988.0674170161,15.238821,0.06,451261250.0
368,172,525.0569654714415,544.4761499629894,2631.7367726563684,14.085344,96744.82240881087,16.009796,0.1,583584100.0
369,86,395.7036073040026,415.7369181088243,724.4214043982375,12.671756,18840.78337261278,4.2669497,0.08,14779510.0
370,53,829.1009609263543,843.4229901835456,862.5377130241405,12.029833,44546.913369252004,10.243738,0.1,178293680.0
371,146,407.59514776580124,417.31391125634,501.97957532227105,13.729823,22568.738384347667,7.683951,0.1,166378400.0
372,154,793.553043168524,816.4310448168133,1145.2301491677422,13.44024,46223.674459495975,19.911926,0.1,522512060.0
373,116,771.1331858598537,802.7687029716907,3107.842818405275,14.336643,107880.52575907327,13.89487,0.06,393579000.0
374,74,587.4312451037014,609.0999144684924,651.1510605546472,12.339065,68470.28567428896,24.204922,0.08,251076260.0
375,108,401.2668467814596,436.2817725745174,1322.6306890666895,12.723051,97637.77145281501,4.321115,0.06,20651086.0
376,45,510.9841952968508,638.7626861819737,2624.2311083482596,12.069631,68835.13754731223,15.201151,0.08,152682480.0
377,121,432.2007965668377,444.3625198876178,874.0070384209184,13.488485,157930.7528192975,13.991392,0.08,410543680.0
378,171,655.5488414885388,694.0606108464086,3982.599339204348,12.673151,118481.09646316076,6.6921816,0.06,173441980.0
379,73,609.448762068421,689.1546757901277,1098.6997650658006,14.454809,147816.01877450006,8.998657,0.1,165061630.0
380,159,429.95503440315014,455.01743433962713,1246.6613077041823,14.16143,89459.20556426006,7.947199,0.1,240031220.0
381,53,787.4270467579823,825.8804298563022,1581.045316458487,14.29302,112863.14383837751,4.097808,0.08,10217734.0
382,133,855.6651722100922,871.348277772196,947.2906780700581,12.548242,107546.46148323933,9.832084,0.08,426557630.0
383,168,827.2443003459572,866.1705316665903,1749.0071341029386,13.636271,224005.87243619506,19.844845,0.1,570013200.0
384,110,421.17968194576054,432.1619016190362,453.77501312172313,12.553897,20929.872361621052,4.91871,0.06,29896082.0
385,42,467.6721449937735,477.23390297438476,576.2817893178036,14.448899,45004.514362644106,5.9165797,0.1,29531526.0
386,131,918.1498694835816,927.8432798258565,971.2256611223386,11.762158,104120.84335641658,16.605867,0.1,444472670.0
387,136,613.2399966934564,636.3749165994906,2469.884147406532,15.706173,70549.98645596423,11.975247,0.08,461437120.0
388,127,403.7139949206123,417.9853932622647,596.596536903542,13.281205,21508.955298580564,7.4225354,0.1,128502540.0
389,108,527.5303332975133,545.3401611353535,1203.767759378505,13.592003,39534.855298762166,9.027691,0.1,250508640.0
390,64,527.8219619284567,554.1960619742517,604.9172705625725,13.166927,96587.06492357292,16.35615,0.08,217147100.0
391,111,414.17639787017487,434.90179166532937,1407.040277753184,13.750692,95064.95853725095,8.496121,0.08,227715800.0
392,41,432.65552093579873,440.6762194083339,476.2357091649388,12.732093,39994.6246240755,18.470642,0.06,139109820.0
393,148,688.2058049089519,719.9472670926692,2120.811702769885,13.209567,43243.02376445161,4.193906,0.06,26580834.0
394,64,465.7687577368103,500.6115581916356,738.3430838709874,13.36046,76970.13694636612,18.324154,0.08,217147000.0
395,79,484.6374688668978,504.8151578121616,903.4321496503894,13.27005,19587.01007616308,14.01999,0.08,268040960.0
396,96,867.3324662623762,888.900008019256,1743.1693325406293,13.882896,105769.8080066677,15.848306,0.06,325721300.0
397,94,955.0264224132034,1009.2136255938941,2038.0928343484504,13.069818,115517.58919881386,22.557728,0.06,318934720.0
398,81,552.4664525625108,562.5958794746645,591.4300614606466,12.733915,91397.24582149078,18.25837,0.1,274826720.0
399,144,636.8303220448624,651.0575874238178,676.1476178339101,12.393666,36209.22846159339,17.397316,0.1,488580670.0
400,49,383.95391232683,420.5901112943707,1920.5240945051112,15.825833,43099.44249351772,19.419306,0.08,166253570.0
401,40,570.4337160874283,581.6931984327479,660.8726224017752,12.827593,44656.45752586389,15.77495,0.06,135717220.0
402,66,635.0911604086077,747.6207430373124,6355.262019234017,13.758928,94366.99790185415,17.513494,0.1,223932830.0
403,121,527.4705492588023,555.5301417376065,2144.566556559067,12.516287,78849.80127475654,4.499903,0.06,35001716.0
404,49,454.0825646101647,485.7069922184913,1362.3690001005348,12.634875,38739.45404583747,9.995359,0.1,128014050.0
405,104,465.55790841891775,471.538008229542,490.7308455667729,13.054089,46718.54632506351,8.762234,0.06,223070160.0
406,75,785.7049045854668,801.5782700714262,821.3182200212119,14.959595,44738.16862807824,20.323078,0.06,254470720.0
407,38,874.8087617223717,883.8567120958791,907.8683748509034,12.705137,65052.05657358905,19.588781,0.06,128931464.0
408,95,611.3520098920243,633.9050961011877,1858.0133723059198,11.999674,76540.32339014081,20.92209,0.1,322329500.0
409,137,574.351368347666,614.6544759697222,2345.981054504209,13.701002,85142.76712380434,19.198622,0.1,464831100.0
410,186,879.7491251905102,906.630326534932,2664.989144935635,12.76511,117417.43662377055,6.0863776,0.06,124854720.0
411,59,585.604622580508,595.6809231991197,634.4265563822565,14.811326,48299.77825262102,13.715177,0.06,200182460.0
412,111,844.8064263468303,923.055612418733,5977.628914906372,13.630882,117063.67232863035,16.17095,0.1,376614820.0
413,91,533.0230404288205,582.6100177440605,1700.369681071831,13.031464,85147.5214293214,9.268841,0.06,244244910.0
414,60,748.9935047144322,788.7998158065859,1079.2812286858261,15.233229,125238.56334195529,10.410401,0.06,200921660.0
415,148,599.5685385093066,666.7392756151788,1846.0415412737764,12.217911,144812.44123401612,19.656292,0.08,502154560.0
416,169,827.0440787353338,848.0807809731602,1069.1653459927632,14.697029,50913.32694570906,18.135637,0.06,573403900.0
417,196,585.6636587784407,596.4691455945721,637.5523571741638,13.012703,87507.20789683949,18.58344,0.1,665012860.0
418,133,496.2630454083119,506.5369144465542,538.2562945857613,14.715894,66789.31816104859,14.884154,0.06,451260300.0
419,121,862.7250750673891,916.3120651886086,4333.978902148381,13.827337,131179.8485993024,9.067848,0.1,300773200.0
420,29,441.08519865167807,444.01583048241247,452.1123804933027,12.893425,26510.47094738217,7.9628997,0.08,50565788.0
421,194,464.1204059934495,473.1317100924225,490.77107712198654,13.633566,121918.98107156479,16.147045,0.08,658227700.0
422,88,683.7496864529088,727.3992752597002,1472.733123923232,14.135426,101905.94096530219,5.5223475,0.1,49959420.0
423,82,953.7363768538614,1002.5797927952863,1948.1798151044165,13.051189,44298.412564319304,5.8920197,0.1,52671796.0
424,37,579.3506226354967,589.7285196544751,626.1546874239589,13.789746,47649.721698012494,18.475002,0.1,125538110.0
425,127,587.4078884421539,625.4227924939306,1802.3659896284678,13.320381,94349.09612923428,17.41616,0.06,430901100.0
426,111,384.4159081304167,391.9707417729959,438.2306584319016,13.19861,18578.23456599271,19.778208,0.08,376615500.0
427,41,494.8619101311477,502.75553753564316,531.1654644125102,12.145413,45665.189500803375,21.102726,0.08,139110420.0
428,141,646.897062724821,669.3413435244416,727.986486168684,12.765827,130002.02815882585,5.0127854,0.08,59511920.0
429,113,556.5557001706798,594.1328388727638,3912.2496402814236,13.931446,72889.30042385642,11.794865,0.06,383400000.0
430,162,545.9016321106928,555.1977680240656,1092.7898264557987,13.241084,71423.74724795471,6.0880604,0.08,119759550.0
431,96,436.1828337243636,442.940587223484,459.0603140161558,13.800336,38452.76169488085,12.102429,0.08,325720400.0
432,42,904.4230231401756,907.5881769198456,918.167345382122,14.153182,42347.62053738037,15.473472,0.1,142503460.0
433,83,602.4272887772264,615.4298437074897,637.8997237134757,14.036095,23897.48001751474,17.50134,0.06,281612500.0
434,162,716.5747327702854,751.1007465509133,2199.8149566843817,13.824341,126219.18812804586,16.273321,0.1,549653800.0
435,86,445.49387706384823,492.6670601030198,1096.6082711699949,11.092828,79246.62678859814,10.237207,0.1,283876030.0
436,90,467.73878008214655,483.2603333596302,506.7744075720521,12.489042,68659.04014896107,6.3589106,0.1,78187370.0
437,187,456.63519013028355,467.38289776955213,484.8031182672291,13.615817,29711.084241555283,19.380342,0.06,634477400.0
438,29,555.1453314005081,564.8702745822924,591.9265930571041,12.030953,41231.59644367815,23.378466,0.08,98394744.0
439,165,422.0445421602867,429.03888325393297,479.93175635419976,14.0611105,59879.81422956124,10.983001,0.08,488359140.0
440,66,545.8308041892117,558.2132391234114,579.4126812115193,14.576824,22539.274941898533,15.777864,0.08,223933860.0
441,93,716.396429853994,742.6575872130472,1475.733968935968,13.794933,91570.3323513449,8.073811,0.06,151848560.0
442,195,536.3183852721262,547.7022923471694,569.037857255317,13.958288,34002.145131388956,18.394768,0.06,661619840.0
443,77,441.00882534642386,450.16926042538626,468.36989850685393,15.5008335,17589.087305978086,7.3652773,0.06,79568980.0
444,93,594.0367515801266,620.0001118005133,735.4179240805536,13.686925,119333.68112500833,5.0615897,0.1,36442870.0
445,138,633.0193442029753,659.0247838549262,1184.154105120533,14.972644,33994.257779663356,16.818924,0.08,468223300.0
446,188,604.1375082289044,645.1499241347217,3037.7861138091307,12.792194,94926.4204882149,17.449413,0.06,637869300.0
447,26,933.9256964223998,940.8566774875474,980.5775047588528,10.486553,52389.68170617458,24.910975,0.1,88215650.0
448,36,709.2616628098725,750.4876098101546,1421.4035230163217,12.092242,72659.86345998217,11.880924,0.06,122145120.0
449,167,676.7041132173525,740.7953115845164,5435.462526600625,13.824405,146621.64224654422,13.129922,0.08,566618240.0
450,54,526.6255763639515,659.5365511922738,4898.539952244387,11.877065,99878.30053728737,6.689606,0.1,53011884.0
451,90,448.5728965961363,472.18301780626985,1398.4887394665702,12.521246,73974.73584269747,18.462246,0.08,305363000.0
452,51,476.41585829451975,491.3861633438074,508.3355528754119,12.948974,60758.340285770384,10.43169,0.06,172450420.0
453,61,482.057255792018,525.5732507312526,1119.117502205623,13.484237,57328.371866849295,20.718966,0.06,206969360.0
454,62,727.4964572274982,734.4565340494833,785.0781300245131,13.757134,47754.44149524004,23.41284,0.1,210361200.0
455,105,524.2584685961398,543.4260890552106,1092.666407385546,13.4417,93656.71286939984,11.128947,0.1,356256960.0
456,47,643.9389087069561,663.3445359374408,741.2023434389889,12.529011,98136.76014971691,18.118734,0.08,159467400.0
457,159,693.9829832987866,720.4887374380121,1419.0589929466366,14.516859,124430.12356265685,17.179388,0.1,539474500.0
458,80,724.994517892467,840.6824166676064,2911.069922671026,13.175539,205179.1314616068,18.704678,0.08,271433860.0
459,58,547.8997353242784,851.1500493338997,13271.462457098376,12.33031,145286.82666145262,8.945236,0.1,131435190.0
460,129,562.4745945750548,583.029286521264,904.046685795283,12.504891,32775.13332237604,11.987799,0.08,435709380.0
461,76,379.5223018427011,387.8211603902485,400.43623712345783,12.495199,16336.183317631796,10.794125,0.06,224158460.0
462,166,402.69900189407286,426.1002315320629,1616.575280050416,12.810186,64632.20367229328,7.927427,0.08,216768480.0
463,52,517.6272199198994,527.8127506168104,581.0588417215025,13.907803,52931.47994251012,18.08775,0.1,176431980.0
464,112,897.9762758770099,915.9000545813846,948.7943181672389,12.921326,42418.94984297261,11.38927,0.06,378561250.0
465,71,842.1633705393932,888.9636069287359,1622.0952658673104,12.01192,33174.8803160531,9.016204,0.08,165449860.0
466,74,498.27498583446237,534.1897855309257,1041.871246944526,13.196579,51727.299024046544,12.602339,0.1,251076510.0
467,112,669.1753950536653,691.0074231440916,1332.048988521293,12.16983,34358.79116547262,13.6023035,0.08,380007360.0
468,45,476.14174449497244,528.403986421342,1904.5714643347733,13.806924,74888.46164805294,18.324945,0.1,152681540.0
469,83,873.5547584138534,893.9066240566384,928.1425194179512,11.828457,37576.98323937283,10.278631,0.06,266120430.0
470,84,536.6630804721234,550.4426425168152,569.6922155541863,12.518013,23143.70350944389,17.84357,0.06,285005440.0
471,39,870.4029281108844,883.5858311056863,940.7197226696513,14.372217,71596.41159823374,13.1676235,0.1,132324000.0
472,144,790.7408483882014,800.2937701538779,825.2701341830237,14.027027,120714.16057429415,5.4960427,0.06,57478320.0
473,119,878.8712190672665,891.3129632637001,950.7086872468518,12.974797,113055.26830995556,18.986197,0.06,403758180.0
474,102,478.97007019263043,488.3503445891409,507.16587665329234,13.090887,20802.272815266562,20.138592,0.1,346079550.0
475,100,599.1920159009475,611.3085875596171,686.7117025580959,14.018271,96018.94491597934,13.965217,0.08,339292300.0
476,157,716.9821021489869,733.5607796949103,760.9693286480846,14.043615,42365.94232355384,8.5121155,0.08,283230800.0
477,41,653.4548729732063,662.6635714032061,688.1171574586683,12.682589,57758.0326052215,6.4416537,0.06,37705530.0
478,55,592.6667828630384,669.8340572826143,1784.164115529892,12.891804,119149.54900274576,8.98324,0.08,124300340.0
479,93,954.7294371050216,991.6483715727521,1402.8071597212866,12.022308,46502.343269879646,9.176365,0.1,229099660.0
480,47,826.9202984437924,852.1743689103283,906.7912357551845,14.53526,99539.71821865479,7.3543353,0.1,63399196.0
481,64,674.4073671940015,804.1325477144854,4750.071235033143,13.380308,142152.04108838155,8.904605,0.08,139833250.0
482,174,746.2383425687045,765.4406364841702,787.3013526591878,11.369344,168815.859606863,14.856545,0.06,590371500.0
483,47,705.08622696054,809.242207824336,4251.095004325731,14.840253,111984.29784032602,14.73769,0.1,159467870.0
484,101,847.4273050121774,874.2379600254966,1245.8264039250805,12.472176,40882.84836349751,16.396318,0.1,342685400.0
485,91,490.36520171458886,509.374130818984,994.1752002138015,14.835234,52053.613123462026,7.4318175,0.06,123955910.0
486,78,539.9030320697657,737.3066691054831,7936.665009035509,12.599691,200070.76651217235,6.2493896,0.06,60165676.0
487,31,531.6177389099527,543.1057189450433,606.719993282273,12.424722,46895.741463698076,17.619152,0.08,105180570.0
488,190,500.1372619094429,552.2599281719904,2083.9043944388964,13.44205,191453.57836811442,15.64031,0.06,644657400.0
489,116,761.3837930080451,812.910799422841,3083.44239937368,13.272107,134354.41989191237,5.8015904,0.08,77077624.0
490,63,618.6961884057123,720.8831938013607,2500.666549423051,13.0957155,147619.80662448515,22.897058,0.06,213754130.0
491,103,371.06534283285845,442.489373032744,1396.9027571915365,13.252187,91285.16598356212,19.73064,0.08,349472450.0
492,79,754.897747487601,769.1389999130419,800.9627308081513,13.374803,35671.57491950841,13.184301,0.1,268041020.0
493,77,586.2449697778924,731.4321311463234,1684.262209976974,13.999959,197800.09745354985,19.598772,0.06,261255900.0
494,95,468.70154466587377,492.1872165390681,527.9481144496597,12.35518,66763.27963539993,7.393451,0.1,130305096.0
495,66,896.70374546107,928.4852363160348,1120.8790820658862,12.349686,134993.23954298248,14.808509,0.1,223933900.0
496,48,495.1399723393443,510.9262329531795,641.8939096886837,11.084741,65524.05423195033,17.646877,0.1,162860260.0
497,106,477.71365012260685,485.3878221348556,502.88482791795934,13.745361,45784.40292234333,10.865515,0.06,359359740.0
498,65,423.6796885837195,437.28824519287633,615.5926151832567,12.497348,15140.131201683076,10.288083,0.08,171665260.0
499,157,707.7985342397168,733.4804195920806,1170.1997529400867,12.975007,42711.911431995984,3.462356,0.08,12796387.0
